{
    "loss": 0.8745338320732117,
    "accuracy": 0.818965494632721
}